Accident_Risk,Congestion_Level,Date,Distance,Hour,ID,Location,Predicted_Traffic,Risk_Level,Sensor_Risk,Time,Vehicle_Count,Vehicle_Speed,Weather_Code
0.458036,0.552941,2026-04-12,143.0,13,557,A12,51.0,LOW,MEDIUM,2026-04-12T13:28:34+00:00,47,41,1
0.392857,0.470588,2026-04-12,167.0,13,556,A12,53.4,LOW,LOW,2026-04-12T13:28:20+00:00,40,46,1
0.140714,0.141176,2026-04-12,271.0,13,555,A12,61.2,LOW,LOW,2026-04-12T13:28:06+00:00,12,64,1
0.464286,0.564706,2026-04-12,139.0,13,554,A12,51.3,LOW,MEDIUM,2026-04-12T13:27:52+00:00,48,41,1
0.9618,0.4235,2026-04-12,184.0,13,457,A12,53.9339,LOW,LOW,2026-04-12T13:27:37+00:00,36,49,1
0.355,0.423529,2026-04-12,184.0,13,456,A12,54.9,LOW,LOW,2026-04-12T13:27:37+00:00,36,49,1
0.075536,0.058824,2026-04-12,297.0,13,455,A12,63.6,LOW,LOW,2026-04-12T13:27:18+00:00,5,69,1
0.9924,0.0588,2026-04-12,297.0,13,458,A12,55.6517,LOW,LOW,2026-04-12T13:27:18+00:00,5,69,1
0.195357,0.211765,2026-04-12,249.0,13,454,A12,59.4,LOW,LOW,2026-04-12T13:22:18+00:00,18,60,1
0.9696,0.2118,2026-04-12,249.0,13,459,A12,54.3704,LOW,LOW,2026-04-12T13:22:18+00:00,18,60,1
0.8898,0.4941,2026-04-12,161.0,12,360,A12,49.8997,LOW,LOW,2026-04-12T12:52:41+00:00,42,45,1
0.409643,0.494118,2026-04-12,161.0,12,265,A12,53.1,LOW,LOW,2026-04-12T12:52:41+00:00,42,45,1
0.8898,0.4941,2026-04-12,161.0,12,266,A12,49.8997,LOW,LOW,2026-04-12T12:52:41+00:00,42,45,1
0.8898,0.4941,2026-04-12,161.0,12,460,A12,49.8997,LOW,LOW,2026-04-12T12:52:41+00:00,42,45,1
0.9779,0.6118,2026-04-12,123.0,12,361,A12,54.8381,MEDIUM,MEDIUM,2026-04-12T12:52:27+00:00,52,38,1
0.502143,0.611765,2026-04-12,123.0,12,264,A12,49.8,LOW,MEDIUM,2026-04-12T12:52:27+00:00,52,38,1
0.9779,0.6118,2026-04-12,123.0,12,267,A12,54.8381,MEDIUM,MEDIUM,2026-04-12T12:52:27+00:00,52,38,1
0.9779,0.6118,2026-04-12,123.0,12,461,A12,54.8381,MEDIUM,MEDIUM,2026-04-12T12:52:27+00:00,52,38,1
0.9652,0.2588,2026-04-12,234.0,12,462,A12,54.1248,LOW,LOW,2026-04-12T12:51:32+00:00,22,58,1
0.228929,0.258824,2026-04-12,234.0,12,263,A12,58.8,LOW,LOW,2026-04-12T12:51:32+00:00,22,58,1
0.9652,0.2588,2026-04-12,234.0,12,362,A12,54.1248,LOW,LOW,2026-04-12T12:51:32+00:00,22,58,1
0.9652,0.2588,2026-04-12,234.0,12,268,A12,54.1248,LOW,LOW,2026-04-12T12:51:32+00:00,22,58,1
0.9865,0.9059,2026-04-12,29.0,12,269,A12,55.3217,HIGH,HIGH,2026-04-12T12:51:14+00:00,77,21,1
0.9865,0.9059,2026-04-12,29.0,12,463,A12,55.3217,HIGH,HIGH,2026-04-12T12:51:14+00:00,77,21,1
0.9865,0.9059,2026-04-12,29.0,12,363,A12,55.3217,HIGH,HIGH,2026-04-12T12:51:14+00:00,77,21,1
0.73125,0.905882,2026-04-12,29.0,12,262,A12,42.0,HIGH,HIGH,2026-04-12T12:51:14+00:00,77,21,1
0.9718,0.6824,2026-04-12,100.0,12,464,A12,54.4941,MEDIUM,MEDIUM,2026-04-12T12:46:02+00:00,58,34,1
0.556786,0.682353,2026-04-12,100.0,12,261,A12,48.0,LOW,MEDIUM,2026-04-12T12:46:02+00:00,58,34,1
0.9718,0.6824,2026-04-12,100.0,12,270,A12,54.4941,MEDIUM,MEDIUM,2026-04-12T12:46:02+00:00,58,34,1
0.9718,0.6824,2026-04-12,100.0,12,364,A12,54.4941,MEDIUM,MEDIUM,2026-04-12T12:46:02+00:00,58,34,1
0.9746,0.1059,2026-04-12,283.0,12,271,A12,54.6528,LOW,LOW,2026-04-12T12:45:48+00:00,9,66,1
0.9746,0.1059,2026-04-12,283.0,12,465,A12,54.6528,LOW,LOW,2026-04-12T12:45:48+00:00,9,66,1
0.9746,0.1059,2026-04-12,283.0,12,365,A12,54.6528,LOW,LOW,2026-04-12T12:45:48+00:00,9,66,1
0.113393,0.105882,2026-04-12,283.0,12,260,A12,62.1,LOW,LOW,2026-04-12T12:45:48+00:00,9,66,1
0.4475,0.541176,2026-04-12,145.0,12,259,A12,51.6,LOW,MEDIUM,2026-04-12T12:45:35+00:00,46,42,1
0.911,0.5412,2026-04-12,145.0,12,366,A12,51.0866,MEDIUM,MEDIUM,2026-04-12T12:45:35+00:00,46,42,1
0.911,0.5412,2026-04-12,145.0,12,272,A12,51.0866,MEDIUM,MEDIUM,2026-04-12T12:45:35+00:00,46,42,1
0.911,0.5412,2026-04-12,145.0,12,466,A12,51.0866,MEDIUM,MEDIUM,2026-04-12T12:45:35+00:00,46,42,1
0.9624,0.2471,2026-04-12,240.0,12,367,A12,53.9673,LOW,LOW,2026-04-12T12:45:21+00:00,21,59,1
0.9624,0.2471,2026-04-12,240.0,12,467,A12,53.9673,LOW,LOW,2026-04-12T12:45:21+00:00,21,59,1
0.218393,0.247059,2026-04-12,240.0,12,258,A12,59.4,LOW,LOW,2026-04-12T12:45:21+00:00,21,59,1
0.9624,0.2471,2026-04-12,240.0,12,273,A12,53.9673,LOW,LOW,2026-04-12T12:45:21+00:00,21,59,1
0.9074,0.4706,2026-04-12,166.0,12,468,A12,50.8832,LOW,LOW,2026-04-12T12:45:07+00:00,40,46,1
0.392857,0.470588,2026-04-12,166.0,12,257,A12,53.4,LOW,LOW,2026-04-12T12:45:07+00:00,40,46,1
0.9074,0.4706,2026-04-12,166.0,12,274,A12,50.8832,LOW,LOW,2026-04-12T12:45:07+00:00,40,46,1
0.9074,0.4706,2026-04-12,166.0,12,368,A12,50.8832,LOW,LOW,2026-04-12T12:45:07+00:00,40,46,1
0.9841,0.0941,2026-04-12,288.0,12,275,A12,55.1842,LOW,LOW,2026-04-12T12:44:54+00:00,8,67,1
0.9841,0.0941,2026-04-12,288.0,12,469,A12,55.1842,LOW,LOW,2026-04-12T12:44:54+00:00,8,67,1
0.102857,0.094118,2026-04-12,288.0,12,256,A12,62.7,LOW,LOW,2026-04-12T12:44:54+00:00,8,67,1
0.9841,0.0941,2026-04-12,288.0,12,369,A12,55.1842,LOW,LOW,2026-04-12T12:44:54+00:00,8,67,1
0.659821,0.811765,2026-04-12,59.0,12,255,A12,44.1,HIGH,HIGH,2026-04-12T12:44:39+00:00,69,26,1
0.9865,0.8118,2026-04-12,59.0,12,276,A12,55.3217,HIGH,HIGH,2026-04-12T12:44:39+00:00,69,26,1
0.9865,0.8118,2026-04-12,59.0,12,470,A12,55.3217,HIGH,HIGH,2026-04-12T12:44:39+00:00,69,26,1
0.9865,0.8118,2026-04-12,59.0,12,370,A12,55.3217,HIGH,HIGH,2026-04-12T12:44:39+00:00,69,26,1
0.9868,0.7765,2026-03-23,71.93,11,172,A12,55.3397,HIGH,HIGH,2026-03-23T11:12:49+00:00,66,29,1
0.9868,0.7765,2026-03-23,71.93,11,173,A12,55.3397,HIGH,HIGH,2026-03-23T11:12:49+00:00,66,29,1
0.9868,0.7765,2026-03-23,71.93,11,174,A12,55.3397,HIGH,HIGH,2026-03-23T11:12:49+00:00,66,29,1
0.9868,0.7765,2026-03-23,71.93,11,279,A12,55.3397,HIGH,HIGH,2026-03-23T11:12:49+00:00,66,29,1
0.9868,0.7765,2026-03-23,71.93,11,473,A12,55.3397,HIGH,HIGH,2026-03-23T11:12:49+00:00,66,29,1
0.9868,0.7765,2026-03-23,71.93,11,472,A12,55.3397,HIGH,HIGH,2026-03-23T11:12:49+00:00,66,29,1
0.9868,0.7765,2026-03-23,71.93,11,471,A12,55.3397,HIGH,HIGH,2026-03-23T11:12:49+00:00,66,29,1
0.9868,0.7765,2026-03-23,71.93,11,278,A12,55.3397,HIGH,HIGH,2026-03-23T11:12:49+00:00,66,29,1
0.9868,0.7765,2026-03-23,71.93,11,277,A12,55.3397,HIGH,HIGH,2026-03-23T11:12:49+00:00,66,29,1
0.9868,0.7765,2026-03-23,71.93,11,373,A12,55.3397,HIGH,HIGH,2026-03-23T11:12:49+00:00,66,29,1
0.9868,0.7765,2026-03-23,71.93,11,371,A12,55.3397,HIGH,HIGH,2026-03-23T11:12:49+00:00,66,29,1
0.9868,0.7765,2026-03-23,71.93,11,372,A12,55.3397,HIGH,HIGH,2026-03-23T11:12:49+00:00,66,29,1
0.986849946130698,0.776470588235294,2026-03-23,71.93,11,57,A12,55.3396666666667,HIGH,HIGH,2026-03-23T11:12:49+00:00,66,29,1
0.986849946130698,0.776470588235294,2026-03-23,71.93,11,114,A12,55.3396666666667,HIGH,HIGH,2026-03-23T11:12:49+00:00,66,29,1
0.986849946130698,0.776470588235294,2026-03-23,71.93,11,171,A12,55.3396666666667,HIGH,HIGH,2026-03-23T11:12:49+00:00,66,29,1
0.9868,0.7765,2026-03-23,71.93,11,176,A12,55.3397,HIGH,HIGH,2026-03-23T11:11:34+00:00,66,29,1
0.9868,0.7765,2026-03-23,71.93,11,476,A12,55.3397,HIGH,HIGH,2026-03-23T11:11:34+00:00,66,29,1
0.9868,0.7765,2026-03-23,71.93,11,475,A12,55.3397,HIGH,HIGH,2026-03-23T11:11:34+00:00,66,29,1
0.9868,0.7765,2026-03-23,71.93,11,474,A12,55.3397,HIGH,HIGH,2026-03-23T11:11:34+00:00,66,29,1
0.986849946130698,0.776470588235294,2026-03-23,71.93,11,56,A12,55.3396666666667,HIGH,HIGH,2026-03-23T11:11:34+00:00,66,29,1
0.986849946130698,0.776470588235294,2026-03-23,71.93,11,113,A12,55.3396666666667,HIGH,HIGH,2026-03-23T11:11:34+00:00,66,29,1
0.9868,0.7765,2026-03-23,71.93,11,376,A12,55.3397,HIGH,HIGH,2026-03-23T11:11:34+00:00,66,29,1
0.9868,0.7765,2026-03-23,71.93,11,375,A12,55.3397,HIGH,HIGH,2026-03-23T11:11:34+00:00,66,29,1
0.9868,0.7765,2026-03-23,71.93,11,374,A12,55.3397,HIGH,HIGH,2026-03-23T11:11:34+00:00,66,29,1
0.986849946130698,0.776470588235294,2026-03-23,71.93,11,170,A12,55.3396666666667,HIGH,HIGH,2026-03-23T11:11:34+00:00,66,29,1
0.9868,0.7765,2026-03-23,71.93,11,175,A12,55.3397,HIGH,HIGH,2026-03-23T11:11:34+00:00,66,29,1
0.9868,0.7765,2026-03-23,71.93,11,177,A12,55.3397,HIGH,HIGH,2026-03-23T11:11:34+00:00,66,29,1
0.9868,0.7765,2026-03-23,71.93,11,282,A12,55.3397,HIGH,HIGH,2026-03-23T11:11:34+00:00,66,29,1
0.9868,0.7765,2026-03-23,71.93,11,281,A12,55.3397,HIGH,HIGH,2026-03-23T11:11:34+00:00,66,29,1
0.9868,0.7765,2026-03-23,71.93,11,280,A12,55.3397,HIGH,HIGH,2026-03-23T11:11:34+00:00,66,29,1
0.9868,0.7765,2026-03-23,71.93,11,284,A12,55.3397,HIGH,HIGH,2026-03-23T11:09:10+00:00,66,29,1
0.9868,0.7765,2026-03-23,71.93,11,479,A12,55.3397,HIGH,HIGH,2026-03-23T11:09:10+00:00,66,29,1
0.9868,0.7765,2026-03-23,71.93,11,478,A12,55.3397,HIGH,HIGH,2026-03-23T11:09:10+00:00,66,29,1
0.9868,0.7765,2026-03-23,71.93,11,477,A12,55.3397,HIGH,HIGH,2026-03-23T11:09:10+00:00,66,29,1
0.986849946130698,0.776470588235294,2026-03-23,71.93,11,55,A12,55.3396666666667,HIGH,HIGH,2026-03-23T11:09:10+00:00,66,29,1
0.986849946130698,0.776470588235294,2026-03-23,71.93,11,169,A12,55.3396666666667,HIGH,HIGH,2026-03-23T11:09:10+00:00,66,29,1
0.9868,0.7765,2026-03-23,71.93,11,379,A12,55.3397,HIGH,HIGH,2026-03-23T11:09:10+00:00,66,29,1
0.9868,0.7765,2026-03-23,71.93,11,378,A12,55.3397,HIGH,HIGH,2026-03-23T11:09:10+00:00,66,29,1
0.9868,0.7765,2026-03-23,71.93,11,377,A12,55.3397,HIGH,HIGH,2026-03-23T11:09:10+00:00,66,29,1
0.9868,0.7765,2026-03-23,71.93,11,178,A12,55.3397,HIGH,HIGH,2026-03-23T11:09:10+00:00,66,29,1
0.9868,0.7765,2026-03-23,71.93,11,179,A12,55.3397,HIGH,HIGH,2026-03-23T11:09:10+00:00,66,29,1
0.9868,0.7765,2026-03-23,71.93,11,180,A12,55.3397,HIGH,HIGH,2026-03-23T11:09:10+00:00,66,29,1
0.986849946130698,0.776470588235294,2026-03-23,71.93,11,112,A12,55.3396666666667,HIGH,HIGH,2026-03-23T11:09:10+00:00,66,29,1
0.9868,0.7765,2026-03-23,71.93,11,283,A12,55.3397,HIGH,HIGH,2026-03-23T11:09:10+00:00,66,29,1
0.9868,0.7765,2026-03-23,71.93,11,285,A12,55.3397,HIGH,HIGH,2026-03-23T11:09:10+00:00,66,29,1
0.9868,0.7765,2026-03-23,71.93,11,181,A12,55.3397,HIGH,HIGH,2026-03-23T11:09:08+00:00,66,29,1
0.9868,0.7765,2026-03-23,71.93,11,182,A12,55.3397,HIGH,HIGH,2026-03-23T11:09:08+00:00,66,29,1
0.9868,0.7765,2026-03-23,71.93,11,288,A12,55.3397,HIGH,HIGH,2026-03-23T11:09:08+00:00,66,29,1
0.9868,0.7765,2026-03-23,71.93,11,482,A12,55.3397,HIGH,HIGH,2026-03-23T11:09:08+00:00,66,29,1
0.9868,0.7765,2026-03-23,71.93,11,183,A12,55.3397,HIGH,HIGH,2026-03-23T11:09:08+00:00,66,29,1
0.986849946130698,0.776470588235294,2026-03-23,71.93,11,54,A12,55.3396666666667,HIGH,HIGH,2026-03-23T11:09:08+00:00,66,29,1
0.9868,0.7765,2026-03-23,71.93,11,287,A12,55.3397,HIGH,HIGH,2026-03-23T11:09:08+00:00,66,29,1
0.9868,0.7765,2026-03-23,71.93,11,481,A12,55.3397,HIGH,HIGH,2026-03-23T11:09:08+00:00,66,29,1
0.9868,0.7765,2026-03-23,71.93,11,286,A12,55.3397,HIGH,HIGH,2026-03-23T11:09:08+00:00,66,29,1
0.986849946130698,0.776470588235294,2026-03-23,71.93,11,168,A12,55.3396666666667,HIGH,HIGH,2026-03-23T11:09:08+00:00,66,29,1
0.9868,0.7765,2026-03-23,71.93,11,480,A12,55.3397,HIGH,HIGH,2026-03-23T11:09:08+00:00,66,29,1
0.9868,0.7765,2026-03-23,71.93,11,382,A12,55.3397,HIGH,HIGH,2026-03-23T11:09:08+00:00,66,29,1
0.9868,0.7765,2026-03-23,71.93,11,381,A12,55.3397,HIGH,HIGH,2026-03-23T11:09:08+00:00,66,29,1
0.9868,0.7765,2026-03-23,71.93,11,380,A12,55.3397,HIGH,HIGH,2026-03-23T11:09:08+00:00,66,29,1
0.986849946130698,0.776470588235294,2026-03-23,71.93,11,111,A12,55.3396666666667,HIGH,HIGH,2026-03-23T11:09:08+00:00,66,29,1
0.9865,0.9529,2026-03-23,16.0,11,485,A12,55.3217,HIGH,HIGH,2026-03-23T11:08:53+00:00,81,20,1
0.986528959393692,0.952941176470588,2026-03-23,16.0,11,167,A12,55.3216666666667,HIGH,HIGH,2026-03-23T11:08:53+00:00,81,20,1
0.9865,0.9529,2026-03-23,16.0,11,385,A12,55.3217,HIGH,HIGH,2026-03-23T11:08:53+00:00,81,20,1
0.9865,0.9529,2026-03-23,16.0,11,384,A12,55.3217,HIGH,HIGH,2026-03-23T11:08:53+00:00,81,20,1
0.9865,0.9529,2026-03-23,16.0,11,383,A12,55.3217,HIGH,HIGH,2026-03-23T11:08:53+00:00,81,20,1
0.986528959393692,0.952941176470588,2026-03-23,16.0,11,110,A12,55.3216666666667,HIGH,HIGH,2026-03-23T11:08:53+00:00,81,20,1
0.986528959393692,0.952941176470588,2026-03-23,16.0,11,53,A12,55.3216666666667,HIGH,HIGH,2026-03-23T11:08:53+00:00,81,20,1
0.9865,0.9529,2026-03-23,16.0,11,186,A12,55.3217,HIGH,HIGH,2026-03-23T11:08:53+00:00,81,20,1
0.9865,0.9529,2026-03-23,16.0,11,185,A12,55.3217,HIGH,HIGH,2026-03-23T11:08:53+00:00,81,20,1
0.9865,0.9529,2026-03-23,16.0,11,184,A12,55.3217,HIGH,HIGH,2026-03-23T11:08:53+00:00,81,20,1
0.9865,0.9529,2026-03-23,16.0,11,484,A12,55.3217,HIGH,HIGH,2026-03-23T11:08:53+00:00,81,20,1
0.9865,0.9529,2026-03-23,16.0,11,483,A12,55.3217,HIGH,HIGH,2026-03-23T11:08:53+00:00,81,20,1
0.9865,0.9529,2026-03-23,16.0,11,291,A12,55.3217,HIGH,HIGH,2026-03-23T11:08:53+00:00,81,20,1
0.9865,0.9529,2026-03-23,16.0,11,290,A12,55.3217,HIGH,HIGH,2026-03-23T11:08:53+00:00,81,20,1
0.9865,0.9529,2026-03-23,16.0,11,289,A12,55.3217,HIGH,HIGH,2026-03-23T11:08:53+00:00,81,20,1
0.9865,0.9529,2026-03-23,16.0,11,388,A12,55.3217,HIGH,HIGH,2026-03-23T11:08:52+00:00,81,20,1
0.9865,0.9529,2026-03-23,16.0,11,387,A12,55.3217,HIGH,HIGH,2026-03-23T11:08:52+00:00,81,20,1
0.9865,0.9529,2026-03-23,16.0,11,487,A12,55.3217,HIGH,HIGH,2026-03-23T11:08:52+00:00,81,20,1
0.9865,0.9529,2026-03-23,16.0,11,488,A12,55.3217,HIGH,HIGH,2026-03-23T11:08:52+00:00,81,20,1
0.9865,0.9529,2026-03-23,16.0,11,486,A12,55.3217,HIGH,HIGH,2026-03-23T11:08:52+00:00,81,20,1
0.9865,0.9529,2026-03-23,16.0,11,294,A12,55.3217,HIGH,HIGH,2026-03-23T11:08:52+00:00,81,20,1
0.9865,0.9529,2026-03-23,16.0,11,293,A12,55.3217,HIGH,HIGH,2026-03-23T11:08:52+00:00,81,20,1
0.986528959393692,0.952941176470588,2026-03-23,16.0,11,52,A12,55.3216666666667,HIGH,HIGH,2026-03-23T11:08:52+00:00,81,20,1
0.986528959393692,0.952941176470588,2026-03-23,16.0,11,109,A12,55.3216666666667,HIGH,HIGH,2026-03-23T11:08:52+00:00,81,20,1
0.9865,0.9529,2026-03-23,16.0,11,386,A12,55.3217,HIGH,HIGH,2026-03-23T11:08:52+00:00,81,20,1
0.9865,0.9529,2026-03-23,16.0,11,292,A12,55.3217,HIGH,HIGH,2026-03-23T11:08:52+00:00,81,20,1
0.9865,0.9529,2026-03-23,16.0,11,189,A12,55.3217,HIGH,HIGH,2026-03-23T11:08:52+00:00,81,20,1
0.9865,0.9529,2026-03-23,16.0,11,188,A12,55.3217,HIGH,HIGH,2026-03-23T11:08:52+00:00,81,20,1
0.9865,0.9529,2026-03-23,16.0,11,187,A12,55.3217,HIGH,HIGH,2026-03-23T11:08:52+00:00,81,20,1
0.986528959393692,0.952941176470588,2026-03-23,16.0,11,166,A12,55.3216666666667,HIGH,HIGH,2026-03-23T11:08:52+00:00,81,20,1
0.9513,0.4353,2026-03-23,178.94,11,191,A12,53.3474,LOW,LOW,2026-03-23T11:08:09+00:00,37,48,1
0.951323252962812,0.435294117647059,2026-03-23,178.94,11,165,A12,53.3474333333334,LOW,LOW,2026-03-23T11:08:09+00:00,37,48,1
0.951323252962812,0.435294117647059,2026-03-23,178.94,11,108,A12,53.3474333333334,LOW,LOW,2026-03-23T11:08:09+00:00,37,48,1
0.9513,0.4353,2026-03-23,178.94,11,391,A12,53.3474,LOW,LOW,2026-03-23T11:08:09+00:00,37,48,1
0.9513,0.4353,2026-03-23,178.94,11,489,A12,53.3474,LOW,LOW,2026-03-23T11:08:09+00:00,37,48,1
0.9513,0.4353,2026-03-23,178.94,11,490,A12,53.3474,LOW,LOW,2026-03-23T11:08:09+00:00,37,48,1
0.9513,0.4353,2026-03-23,178.94,11,491,A12,53.3474,LOW,LOW,2026-03-23T11:08:09+00:00,37,48,1
0.9513,0.4353,2026-03-23,178.94,11,389,A12,53.3474,LOW,LOW,2026-03-23T11:08:09+00:00,37,48,1
0.9513,0.4353,2026-03-23,178.94,11,297,A12,53.3474,LOW,LOW,2026-03-23T11:08:09+00:00,37,48,1
0.9513,0.4353,2026-03-23,178.94,11,296,A12,53.3474,LOW,LOW,2026-03-23T11:08:09+00:00,37,48,1
0.9513,0.4353,2026-03-23,178.94,11,295,A12,53.3474,LOW,LOW,2026-03-23T11:08:09+00:00,37,48,1
0.951323252962812,0.435294117647059,2026-03-23,178.94,11,51,A12,53.3474333333334,LOW,LOW,2026-03-23T11:08:09+00:00,37,48,1
0.9513,0.4353,2026-03-23,178.94,11,390,A12,53.3474,LOW,LOW,2026-03-23T11:08:09+00:00,37,48,1
0.9513,0.4353,2026-03-23,178.94,11,190,A12,53.3474,LOW,LOW,2026-03-23T11:08:09+00:00,37,48,1
0.9513,0.4353,2026-03-23,178.94,11,192,A12,53.3474,LOW,LOW,2026-03-23T11:08:09+00:00,37,48,1
0.9513,0.4353,2026-03-23,178.94,11,393,A12,53.3474,LOW,LOW,2026-03-23T11:08:07+00:00,37,48,1
0.9513,0.4353,2026-03-23,178.94,11,392,A12,53.3474,LOW,LOW,2026-03-23T11:08:07+00:00,37,48,1
0.951323252962812,0.435294117647059,2026-03-23,178.94,11,107,A12,53.3474333333334,LOW,LOW,2026-03-23T11:08:07+00:00,37,48,1
0.951323252962812,0.435294117647059,2026-03-23,178.94,11,50,A12,53.3474333333334,LOW,LOW,2026-03-23T11:08:07+00:00,37,48,1
0.9513,0.4353,2026-03-23,178.94,11,300,A12,53.3474,LOW,LOW,2026-03-23T11:08:07+00:00,37,48,1
0.9513,0.4353,2026-03-23,178.94,11,299,A12,53.3474,LOW,LOW,2026-03-23T11:08:07+00:00,37,48,1
0.9513,0.4353,2026-03-23,178.94,11,298,A12,53.3474,LOW,LOW,2026-03-23T11:08:07+00:00,37,48,1
0.951323252962812,0.435294117647059,2026-03-23,178.94,11,164,A12,53.3474333333334,LOW,LOW,2026-03-23T11:08:07+00:00,37,48,1
0.9513,0.4353,2026-03-23,178.94,11,193,A12,53.3474,LOW,LOW,2026-03-23T11:08:07+00:00,37,48,1
0.9513,0.4353,2026-03-23,178.94,11,194,A12,53.3474,LOW,LOW,2026-03-23T11:08:07+00:00,37,48,1
0.9513,0.4353,2026-03-23,178.94,11,195,A12,53.3474,LOW,LOW,2026-03-23T11:08:07+00:00,37,48,1
0.9513,0.4353,2026-03-23,178.94,11,492,A12,53.3474,LOW,LOW,2026-03-23T11:08:07+00:00,37,48,1
0.9513,0.4353,2026-03-23,178.94,11,493,A12,53.3474,LOW,LOW,2026-03-23T11:08:07+00:00,37,48,1
0.9513,0.4353,2026-03-23,178.94,11,494,A12,53.3474,LOW,LOW,2026-03-23T11:08:07+00:00,37,48,1
0.9513,0.4353,2026-03-23,178.94,11,394,A12,53.3474,LOW,LOW,2026-03-23T11:08:07+00:00,37,48,1
0.9513,0.4353,2026-03-22,178.99,16,495,A12,53.3474,LOW,LOW,2026-03-22T16:55:28+00:00,37,48,1
0.9513,0.4353,2026-03-22,178.99,16,395,A12,53.3474,LOW,LOW,2026-03-22T16:55:28+00:00,37,48,1
0.9513,0.4353,2026-03-22,178.99,16,396,A12,53.3474,LOW,LOW,2026-03-22T16:55:28+00:00,37,48,1
0.9513,0.4353,2026-03-22,178.99,16,397,A12,53.3474,LOW,LOW,2026-03-22T16:55:28+00:00,37,48,1
0.9513,0.4353,2026-03-22,178.99,16,497,A12,53.3474,LOW,LOW,2026-03-22T16:55:28+00:00,37,48,1
0.9513,0.4353,2026-03-22,178.99,16,496,A12,53.3474,LOW,LOW,2026-03-22T16:55:28+00:00,37,48,1
0.9513,0.4353,2026-03-22,178.99,16,302,A12,53.3474,LOW,LOW,2026-03-22T16:55:28+00:00,37,48,1
0.951323252962812,0.435294117647059,2026-03-22,178.99,16,106,A12,53.3474333333334,LOW,LOW,2026-03-22T16:55:28+00:00,37,48,1
0.9513,0.4353,2026-03-22,178.99,16,301,A12,53.3474,LOW,LOW,2026-03-22T16:55:28+00:00,37,48,1
0.951323252962812,0.435294117647059,2026-03-22,178.99,16,49,A12,53.3474333333334,LOW,LOW,2026-03-22T16:55:28+00:00,37,48,1
0.951323252962812,0.435294117647059,2026-03-22,178.99,16,163,A12,53.3474333333334,LOW,LOW,2026-03-22T16:55:28+00:00,37,48,1
0.9513,0.4353,2026-03-22,178.99,16,196,A12,53.3474,LOW,LOW,2026-03-22T16:55:28+00:00,37,48,1
0.9513,0.4353,2026-03-22,178.99,16,197,A12,53.3474,LOW,LOW,2026-03-22T16:55:28+00:00,37,48,1
0.9513,0.4353,2026-03-22,178.99,16,198,A12,53.3474,LOW,LOW,2026-03-22T16:55:28+00:00,37,48,1
0.9513,0.4353,2026-03-22,178.99,16,303,A12,53.3474,LOW,LOW,2026-03-22T16:55:28+00:00,37,48,1
0.9513,0.4353,2026-03-22,178.99,16,199,A12,53.3474,LOW,LOW,2026-03-22T16:55:27+00:00,37,48,1
0.9513,0.4353,2026-03-22,178.99,16,200,A12,53.3474,LOW,LOW,2026-03-22T16:55:27+00:00,37,48,1
0.9513,0.4353,2026-03-22,178.99,16,499,A12,53.3474,LOW,LOW,2026-03-22T16:55:27+00:00,37,48,1
0.9513,0.4353,2026-03-22,178.99,16,498,A12,53.3474,LOW,LOW,2026-03-22T16:55:27+00:00,37,48,1
0.9513,0.4353,2026-03-22,178.99,16,400,A12,53.3474,LOW,LOW,2026-03-22T16:55:27+00:00,37,48,1
0.9513,0.4353,2026-03-22,178.99,16,399,A12,53.3474,LOW,LOW,2026-03-22T16:55:27+00:00,37,48,1
0.951323252962812,0.435294117647059,2026-03-22,178.99,16,105,A12,53.3474333333334,LOW,LOW,2026-03-22T16:55:27+00:00,37,48,1
0.9513,0.4353,2026-03-22,178.99,16,398,A12,53.3474,LOW,LOW,2026-03-22T16:55:27+00:00,37,48,1
0.9513,0.4353,2026-03-22,178.99,16,201,A12,53.3474,LOW,LOW,2026-03-22T16:55:27+00:00,37,48,1
0.9513,0.4353,2026-03-22,178.99,16,305,A12,53.3474,LOW,LOW,2026-03-22T16:55:27+00:00,37,48,1
0.9513,0.4353,2026-03-22,178.99,16,304,A12,53.3474,LOW,LOW,2026-03-22T16:55:27+00:00,37,48,1
0.9513,0.4353,2026-03-22,178.99,16,500,A12,53.3474,LOW,LOW,2026-03-22T16:55:27+00:00,37,48,1
0.951323252962812,0.435294117647059,2026-03-22,178.99,16,162,A12,53.3474333333334,LOW,LOW,2026-03-22T16:55:27+00:00,37,48,1
0.9513,0.4353,2026-03-22,178.99,16,306,A12,53.3474,LOW,LOW,2026-03-22T16:55:27+00:00,37,48,1
0.951323252962812,0.435294117647059,2026-03-22,178.99,16,48,A12,53.3474333333334,LOW,LOW,2026-03-22T16:55:27+00:00,37,48,1
0.9165,0.0588,2026-03-22,300.0,16,401,A12,51.3965,LOW,LOW,2026-03-22T16:55:04+00:00,5,70,1
0.9165,0.0588,2026-03-22,300.0,16,502,A12,51.3965,LOW,LOW,2026-03-22T16:55:04+00:00,5,70,1
0.9165,0.0588,2026-03-22,300.0,16,307,A12,51.3965,LOW,LOW,2026-03-22T16:55:04+00:00,5,70,1
0.9165,0.0588,2026-03-22,300.0,16,308,A12,51.3965,LOW,LOW,2026-03-22T16:55:04+00:00,5,70,1
0.9165,0.0588,2026-03-22,300.0,16,309,A12,51.3965,LOW,LOW,2026-03-22T16:55:04+00:00,5,70,1
0.91653304603039,0.0588235294117647,2026-03-22,300.0,16,47,A12,51.3965,LOW,LOW,2026-03-22T16:55:04+00:00,5,70,1
0.9165,0.0588,2026-03-22,300.0,16,202,A12,51.3965,LOW,LOW,2026-03-22T16:55:04+00:00,5,70,1
0.9165,0.0588,2026-03-22,300.0,16,203,A12,51.3965,LOW,LOW,2026-03-22T16:55:04+00:00,5,70,1
0.9165,0.0588,2026-03-22,300.0,16,204,A12,51.3965,LOW,LOW,2026-03-22T16:55:04+00:00,5,70,1
0.9165,0.0588,2026-03-22,300.0,16,503,A12,51.3965,LOW,LOW,2026-03-22T16:55:04+00:00,5,70,1
0.91653304603039,0.0588235294117647,2026-03-22,300.0,16,104,A12,51.3965,LOW,LOW,2026-03-22T16:55:04+00:00,5,70,1
0.9165,0.0588,2026-03-22,300.0,16,403,A12,51.3965,LOW,LOW,2026-03-22T16:55:04+00:00,5,70,1
0.9165,0.0588,2026-03-22,300.0,16,402,A12,51.3965,LOW,LOW,2026-03-22T16:55:04+00:00,5,70,1
0.9165,0.0588,2026-03-22,300.0,16,501,A12,51.3965,LOW,LOW,2026-03-22T16:55:04+00:00,5,70,1
0.91653304603039,0.0588235294117647,2026-03-22,300.0,16,161,A12,51.3965,LOW,LOW,2026-03-22T16:55:04+00:00,5,70,1
0.9165,0.0588,2026-03-22,300.0,16,404,A12,51.3965,LOW,LOW,2026-03-22T16:55:03+00:00,5,70,1
0.9165,0.0588,2026-03-22,300.0,16,506,A12,51.3965,LOW,LOW,2026-03-22T16:55:03+00:00,5,70,1
0.9165,0.0588,2026-03-22,300.0,16,207,A12,51.3965,LOW,LOW,2026-03-22T16:55:03+00:00,5,70,1
0.9165,0.0588,2026-03-22,300.0,16,206,A12,51.3965,LOW,LOW,2026-03-22T16:55:03+00:00,5,70,1
0.9165,0.0588,2026-03-22,300.0,16,205,A12,51.3965,LOW,LOW,2026-03-22T16:55:03+00:00,5,70,1
0.9165,0.0588,2026-03-22,300.0,16,310,A12,51.3965,LOW,LOW,2026-03-22T16:55:03+00:00,5,70,1
0.91653304603039,0.0588235294117647,2026-03-22,300.0,16,160,A12,51.3965,LOW,LOW,2026-03-22T16:55:03+00:00,5,70,1
0.9165,0.0588,2026-03-22,300.0,16,311,A12,51.3965,LOW,LOW,2026-03-22T16:55:03+00:00,5,70,1
0.9165,0.0588,2026-03-22,300.0,16,406,A12,51.3965,LOW,LOW,2026-03-22T16:55:03+00:00,5,70,1
0.91653304603039,0.0588235294117647,2026-03-22,300.0,16,46,A12,51.3965,LOW,LOW,2026-03-22T16:55:03+00:00,5,70,1
0.9165,0.0588,2026-03-22,300.0,16,505,A12,51.3965,LOW,LOW,2026-03-22T16:55:03+00:00,5,70,1
0.9165,0.0588,2026-03-22,300.0,16,504,A12,51.3965,LOW,LOW,2026-03-22T16:55:03+00:00,5,70,1
0.9165,0.0588,2026-03-22,300.0,16,405,A12,51.3965,LOW,LOW,2026-03-22T16:55:03+00:00,5,70,1
0.9165,0.0588,2026-03-22,300.0,16,312,A12,51.3965,LOW,LOW,2026-03-22T16:55:03+00:00,5,70,1
0.91653304603039,0.0588235294117647,2026-03-22,300.0,16,103,A12,51.3965,LOW,LOW,2026-03-22T16:55:03+00:00,5,70,1
0.8886,0.4824,2026-03-22,164.92,16,210,A12,49.8286,LOW,LOW,2026-03-22T16:54:21+00:00,41,45,1
0.888573317977487,0.482352941176471,2026-03-22,164.92,16,45,A12,49.8286,LOW,LOW,2026-03-22T16:54:21+00:00,41,45,1
0.888573317977487,0.482352941176471,2026-03-22,164.92,16,102,A12,49.8286,LOW,LOW,2026-03-22T16:54:21+00:00,41,45,1
0.888573317977487,0.482352941176471,2026-03-22,164.92,16,159,A12,49.8286,LOW,LOW,2026-03-22T16:54:21+00:00,41,45,1
0.8886,0.4824,2026-03-22,164.92,16,208,A12,49.8286,LOW,LOW,2026-03-22T16:54:21+00:00,41,45,1
0.8886,0.4824,2026-03-22,164.92,16,209,A12,49.8286,LOW,LOW,2026-03-22T16:54:21+00:00,41,45,1
0.8886,0.4824,2026-03-22,164.92,16,313,A12,49.8286,LOW,LOW,2026-03-22T16:54:21+00:00,41,45,1
0.8886,0.4824,2026-03-22,164.92,16,314,A12,49.8286,LOW,LOW,2026-03-22T16:54:21+00:00,41,45,1
0.8886,0.4824,2026-03-22,164.92,16,315,A12,49.8286,LOW,LOW,2026-03-22T16:54:21+00:00,41,45,1
0.8886,0.4824,2026-03-22,164.92,16,407,A12,49.8286,LOW,LOW,2026-03-22T16:54:21+00:00,41,45,1
0.8886,0.4824,2026-03-22,164.92,16,408,A12,49.8286,LOW,LOW,2026-03-22T16:54:21+00:00,41,45,1
0.8886,0.4824,2026-03-22,164.92,16,409,A12,49.8286,LOW,LOW,2026-03-22T16:54:21+00:00,41,45,1
0.8886,0.4824,2026-03-22,164.92,16,507,A12,49.8286,LOW,LOW,2026-03-22T16:54:21+00:00,41,45,1
0.8886,0.4824,2026-03-22,164.92,16,508,A12,49.8286,LOW,LOW,2026-03-22T16:54:21+00:00,41,45,1
0.8886,0.4824,2026-03-22,164.92,16,509,A12,49.8286,LOW,LOW,2026-03-22T16:54:21+00:00,41,45,1
0.888573317977487,0.482352941176471,2026-03-22,164.92,16,44,A12,49.8286,LOW,LOW,2026-03-22T16:54:20+00:00,41,45,1
0.8886,0.4824,2026-03-22,164.92,16,316,A12,49.8286,LOW,LOW,2026-03-22T16:54:20+00:00,41,45,1
0.8886,0.4824,2026-03-22,164.92,16,510,A12,49.8286,LOW,LOW,2026-03-22T16:54:20+00:00,41,45,1
0.888573317977487,0.482352941176471,2026-03-22,164.92,16,101,A12,49.8286,LOW,LOW,2026-03-22T16:54:20+00:00,41,45,1
0.888573317977487,0.482352941176471,2026-03-22,164.92,16,158,A12,49.8286,LOW,LOW,2026-03-22T16:54:20+00:00,41,45,1
0.8886,0.4824,2026-03-22,164.92,16,410,A12,49.8286,LOW,LOW,2026-03-22T16:54:20+00:00,41,45,1
0.8886,0.4824,2026-03-22,164.92,16,211,A12,49.8286,LOW,LOW,2026-03-22T16:54:20+00:00,41,45,1
0.8886,0.4824,2026-03-22,164.92,15,212,A12,49.8286,LOW,LOW,2026-03-22T15:44:43+00:00,41,45,1
0.888573317977487,0.482352941176471,2026-03-22,164.92,15,100,A12,49.8286,LOW,LOW,2026-03-22T15:44:43+00:00,41,45,1
0.8886,0.4824,2026-03-22,164.92,15,411,A12,49.8286,LOW,LOW,2026-03-22T15:44:43+00:00,41,45,1
0.8886,0.4824,2026-03-22,164.92,15,511,A12,49.8286,LOW,LOW,2026-03-22T15:44:43+00:00,41,45,1
0.8886,0.4824,2026-03-22,164.92,15,317,A12,49.8286,LOW,LOW,2026-03-22T15:44:43+00:00,41,45,1
0.888573317977487,0.482352941176471,2026-03-22,164.92,15,43,A12,49.8286,LOW,LOW,2026-03-22T15:44:43+00:00,41,45,1
0.888573317977487,0.482352941176471,2026-03-22,164.92,15,157,A12,49.8286,LOW,LOW,2026-03-22T15:44:43+00:00,41,45,1
0.8886,0.4824,2026-03-22,164.92,15,412,A12,49.8286,LOW,LOW,2026-03-22T15:44:42+00:00,41,45,1
0.8886,0.4824,2026-03-22,164.92,15,318,A12,49.8286,LOW,LOW,2026-03-22T15:44:42+00:00,41,45,1
0.888573317977487,0.482352941176471,2026-03-22,164.92,15,156,A12,49.8286,LOW,LOW,2026-03-22T15:44:42+00:00,41,45,1
0.888573317977487,0.482352941176471,2026-03-22,164.92,15,42,A12,49.8286,LOW,LOW,2026-03-22T15:44:42+00:00,41,45,1
0.8886,0.4824,2026-03-22,164.92,15,512,A12,49.8286,LOW,LOW,2026-03-22T15:44:42+00:00,41,45,1
0.8886,0.4824,2026-03-22,164.92,15,213,A12,49.8286,LOW,LOW,2026-03-22T15:44:42+00:00,41,45,1
0.888573317977487,0.482352941176471,2026-03-22,164.92,15,99,A12,49.8286,LOW,LOW,2026-03-22T15:44:42+00:00,41,45,1
0.974601330014489,0.117647058823529,2026-03-22,278.0,15,41,A12,54.6528,LOW,LOW,2026-03-22T15:44:21+00:00,10,66,1
0.9746,0.1176,2026-03-22,278.0,15,413,A12,54.6528,LOW,LOW,2026-03-22T15:44:21+00:00,10,66,1
0.9746,0.1176,2026-03-22,278.0,15,319,A12,54.6528,LOW,LOW,2026-03-22T15:44:21+00:00,10,66,1
0.9746,0.1176,2026-03-22,278.0,15,214,A12,54.6528,LOW,LOW,2026-03-22T15:44:21+00:00,10,66,1
0.974601330014489,0.117647058823529,2026-03-22,278.0,15,98,A12,54.6528,LOW,LOW,2026-03-22T15:44:21+00:00,10,66,1
0.974601330014489,0.117647058823529,2026-03-22,278.0,15,155,A12,54.6528,LOW,LOW,2026-03-22T15:44:21+00:00,10,66,1
0.9746,0.1176,2026-03-22,278.0,15,513,A12,54.6528,LOW,LOW,2026-03-22T15:44:21+00:00,10,66,1
0.974601330014489,0.117647058823529,2026-03-22,278.0,15,97,A12,54.6528,LOW,LOW,2026-03-22T15:44:20+00:00,10,66,1
0.9746,0.1176,2026-03-22,278.0,15,514,A12,54.6528,LOW,LOW,2026-03-22T15:44:20+00:00,10,66,1
0.9746,0.1176,2026-03-22,278.0,15,215,A12,54.6528,LOW,LOW,2026-03-22T15:44:20+00:00,10,66,1
0.974601330014489,0.117647058823529,2026-03-22,278.0,15,154,A12,54.6528,LOW,LOW,2026-03-22T15:44:20+00:00,10,66,1
0.974601330014489,0.117647058823529,2026-03-22,278.0,15,40,A12,54.6528,LOW,LOW,2026-03-22T15:44:20+00:00,10,66,1
0.9746,0.1176,2026-03-22,278.0,15,414,A12,54.6528,LOW,LOW,2026-03-22T15:44:20+00:00,10,66,1
0.9746,0.1176,2026-03-22,278.0,15,320,A12,54.6528,LOW,LOW,2026-03-22T15:44:20+00:00,10,66,1
0.91653304603039,0.0588235294117647,2026-03-22,300.0,15,96,A12,51.3965,LOW,LOW,2026-03-22T15:44:05+00:00,5,70,1
0.9165,0.0588,2026-03-22,300.0,15,515,A12,51.3965,LOW,LOW,2026-03-22T15:44:05+00:00,5,70,1
0.9165,0.0588,2026-03-22,300.0,15,321,A12,51.3965,LOW,LOW,2026-03-22T15:44:05+00:00,5,70,1
0.9165,0.0588,2026-03-22,300.0,15,216,A12,51.3965,LOW,LOW,2026-03-22T15:44:05+00:00,5,70,1
0.91653304603039,0.0588235294117647,2026-03-22,300.0,15,39,A12,51.3965,LOW,LOW,2026-03-22T15:44:05+00:00,5,70,1
0.91653304603039,0.0588235294117647,2026-03-22,300.0,15,153,A12,51.3965,LOW,LOW,2026-03-22T15:44:05+00:00,5,70,1
0.9165,0.0588,2026-03-22,300.0,15,415,A12,51.3965,LOW,LOW,2026-03-22T15:44:05+00:00,5,70,1
0.9165,0.0588,2026-03-22,300.0,15,516,A12,51.3965,LOW,LOW,2026-03-22T15:44:04+00:00,5,70,1
0.9165,0.0588,2026-03-22,300.0,15,416,A12,51.3965,LOW,LOW,2026-03-22T15:44:04+00:00,5,70,1
0.9165,0.0588,2026-03-22,300.0,15,322,A12,51.3965,LOW,LOW,2026-03-22T15:44:04+00:00,5,70,1
0.9165,0.0588,2026-03-22,300.0,15,217,A12,51.3965,LOW,LOW,2026-03-22T15:44:04+00:00,5,70,1
0.91653304603039,0.0588235294117647,2026-03-22,300.0,15,95,A12,51.3965,LOW,LOW,2026-03-22T15:44:04+00:00,5,70,1
0.91653304603039,0.0588235294117647,2026-03-22,300.0,15,38,A12,51.3965,LOW,LOW,2026-03-22T15:44:04+00:00,5,70,1
0.91653304603039,0.0588235294117647,2026-03-22,300.0,15,152,A12,51.3965,LOW,LOW,2026-03-22T15:44:04+00:00,5,70,1
0.9885,0.6941,2026-03-22,95.18,15,417,A12,55.4343,MEDIUM,MEDIUM,2026-03-22T15:43:43+00:00,59,33,1
0.988536909759632,0.694117647058824,2026-03-22,95.18,15,94,A12,55.4342666666667,MEDIUM,MEDIUM,2026-03-22T15:43:43+00:00,59,33,1
0.988536909759632,0.694117647058824,2026-03-22,95.18,15,151,A12,55.4342666666667,MEDIUM,MEDIUM,2026-03-22T15:43:43+00:00,59,33,1
0.988536909759632,0.694117647058824,2026-03-22,95.18,15,37,A12,55.4342666666667,MEDIUM,MEDIUM,2026-03-22T15:43:43+00:00,59,33,1
0.9885,0.6941,2026-03-22,95.18,15,218,A12,55.4343,MEDIUM,MEDIUM,2026-03-22T15:43:43+00:00,59,33,1
0.9885,0.6941,2026-03-22,95.18,15,323,A12,55.4343,MEDIUM,MEDIUM,2026-03-22T15:43:43+00:00,59,33,1
0.9885,0.6941,2026-03-22,95.18,15,517,A12,55.4343,MEDIUM,MEDIUM,2026-03-22T15:43:43+00:00,59,33,1
0.9885,0.6941,2026-03-22,95.18,15,418,A12,55.4343,MEDIUM,MEDIUM,2026-03-22T15:43:42+00:00,59,33,1
0.9885,0.6941,2026-03-22,95.18,15,518,A12,55.4343,MEDIUM,MEDIUM,2026-03-22T15:43:42+00:00,59,33,1
0.988536909759632,0.694117647058824,2026-03-22,95.18,15,36,A12,55.4342666666667,MEDIUM,MEDIUM,2026-03-22T15:43:42+00:00,59,33,1
0.988536909759632,0.694117647058824,2026-03-22,95.18,15,150,A12,55.4342666666667,MEDIUM,MEDIUM,2026-03-22T15:43:42+00:00,59,33,1
0.9885,0.6941,2026-03-22,95.18,15,219,A12,55.4343,MEDIUM,MEDIUM,2026-03-22T15:43:42+00:00,59,33,1
0.9885,0.6941,2026-03-22,95.18,15,324,A12,55.4343,MEDIUM,MEDIUM,2026-03-22T15:43:42+00:00,59,33,1
0.988536909759632,0.694117647058824,2026-03-22,95.18,15,93,A12,55.4342666666667,MEDIUM,MEDIUM,2026-03-22T15:43:42+00:00,59,33,1
0.9865,0.9647,2026-03-22,12.95,15,326,A12,55.3217,HIGH,HIGH,2026-03-22T15:43:30+00:00,82,19,1
0.9865,0.9647,2026-03-22,12.95,15,220,A12,55.3217,HIGH,HIGH,2026-03-22T15:43:30+00:00,82,19,1
0.9865,0.9647,2026-03-22,12.95,15,221,A12,55.3217,HIGH,HIGH,2026-03-22T15:43:30+00:00,82,19,1
0.986528959393692,0.964705882352941,2026-03-22,12.95,15,149,A12,55.3216666666667,HIGH,HIGH,2026-03-22T15:43:30+00:00,82,19,1
0.986528959393692,0.964705882352941,2026-03-22,12.95,15,148,A12,55.3216666666667,HIGH,HIGH,2026-03-22T15:43:30+00:00,82,19,1
0.9865,0.9647,2026-03-22,12.95,15,420,A12,55.3217,HIGH,HIGH,2026-03-22T15:43:30+00:00,82,19,1
0.9865,0.9647,2026-03-22,12.95,15,419,A12,55.3217,HIGH,HIGH,2026-03-22T15:43:30+00:00,82,19,1
0.986528959393692,0.964705882352941,2026-03-22,12.95,15,35,A12,55.3216666666667,HIGH,HIGH,2026-03-22T15:43:30+00:00,82,19,1
0.986528959393692,0.964705882352941,2026-03-22,12.95,15,34,A12,55.3216666666667,HIGH,HIGH,2026-03-22T15:43:30+00:00,82,19,1
0.9865,0.9647,2026-03-22,12.95,15,519,A12,55.3217,HIGH,HIGH,2026-03-22T15:43:30+00:00,82,19,1
0.9865,0.9647,2026-03-22,12.95,15,325,A12,55.3217,HIGH,HIGH,2026-03-22T15:43:30+00:00,82,19,1
0.9865,0.9647,2026-03-22,12.95,15,520,A12,55.3217,HIGH,HIGH,2026-03-22T15:43:30+00:00,82,19,1
0.986528959393692,0.964705882352941,2026-03-22,12.95,15,91,A12,55.3216666666667,HIGH,HIGH,2026-03-22T15:43:30+00:00,82,19,1
0.986528959393692,0.964705882352941,2026-03-22,12.95,15,92,A12,55.3216666666667,HIGH,HIGH,2026-03-22T15:43:30+00:00,82,19,1
0.9165,0.0588,2026-03-12,300.0,11,327,A12,51.3965,LOW,LOW,2026-03-12T11:30:45+00:00,5,70,1
0.91653304603039,0.0588235294117647,2026-03-12,300.0,11,147,A12,51.3965,LOW,LOW,2026-03-12T11:30:45+00:00,5,70,1
0.91653304603039,0.0588235294117647,2026-03-12,300.0,11,90,A12,51.3965,LOW,LOW,2026-03-12T11:30:45+00:00,5,70,1
0.9165,0.0588,2026-03-12,300.0,11,222,A12,51.3965,LOW,LOW,2026-03-12T11:30:45+00:00,5,70,1
0.9165,0.0588,2026-03-12,300.0,11,521,A12,51.3965,LOW,LOW,2026-03-12T11:30:45+00:00,5,70,1
0.91653304603039,0.0588235294117647,2026-03-12,300.0,11,33,A12,51.3965,LOW,LOW,2026-03-12T11:30:45+00:00,5,70,1
0.9165,0.0588,2026-03-12,300.0,11,421,A12,51.3965,LOW,LOW,2026-03-12T11:30:45+00:00,5,70,1
0.9165,0.0588,2026-03-12,300.0,11,223,A12,51.3965,LOW,LOW,2026-03-12T11:30:44+00:00,5,70,1
0.9165,0.0588,2026-03-12,300.0,11,328,A12,51.3965,LOW,LOW,2026-03-12T11:30:44+00:00,5,70,1
0.91653304603039,0.0588235294117647,2026-03-12,300.0,11,32,A12,51.3965,LOW,LOW,2026-03-12T11:30:44+00:00,5,70,1
0.9165,0.0588,2026-03-12,300.0,11,422,A12,51.3965,LOW,LOW,2026-03-12T11:30:44+00:00,5,70,1
0.9165,0.0588,2026-03-12,300.0,11,522,A12,51.3965,LOW,LOW,2026-03-12T11:30:44+00:00,5,70,1
0.91653304603039,0.0588235294117647,2026-03-12,300.0,11,89,A12,51.3965,LOW,LOW,2026-03-12T11:30:44+00:00,5,70,1
0.91653304603039,0.0588235294117647,2026-03-12,300.0,11,146,A12,51.3965,LOW,LOW,2026-03-12T11:30:44+00:00,5,70,1
0.98607363376305,0.764705882352941,2026-03-12,75.0,11,31,A12,55.2961333333334,HIGH,HIGH,2026-03-12T11:30:28+00:00,65,29,1
0.9861,0.7647,2026-03-12,75.0,11,224,A12,55.2961,HIGH,HIGH,2026-03-12T11:30:28+00:00,65,29,1
0.98607363376305,0.764705882352941,2026-03-12,75.0,11,145,A12,55.2961333333334,HIGH,HIGH,2026-03-12T11:30:28+00:00,65,29,1
0.9861,0.7647,2026-03-12,75.0,11,329,A12,55.2961,HIGH,HIGH,2026-03-12T11:30:28+00:00,65,29,1
0.98607363376305,0.764705882352941,2026-03-12,75.0,11,88,A12,55.2961333333334,HIGH,HIGH,2026-03-12T11:30:28+00:00,65,29,1
0.9861,0.7647,2026-03-12,75.0,11,423,A12,55.2961,HIGH,HIGH,2026-03-12T11:30:28+00:00,65,29,1
0.9861,0.7647,2026-03-12,75.0,11,523,A12,55.2961,HIGH,HIGH,2026-03-12T11:30:28+00:00,65,29,1
0.9861,0.7647,2026-03-12,75.0,11,424,A12,55.2961,HIGH,HIGH,2026-03-12T11:30:27+00:00,65,29,1
0.9861,0.7647,2026-03-12,75.0,11,524,A12,55.2961,HIGH,HIGH,2026-03-12T11:30:27+00:00,65,29,1
0.98607363376305,0.764705882352941,2026-03-12,75.0,11,144,A12,55.2961333333334,HIGH,HIGH,2026-03-12T11:30:27+00:00,65,29,1
0.9861,0.7647,2026-03-12,75.0,11,225,A12,55.2961,HIGH,HIGH,2026-03-12T11:30:27+00:00,65,29,1
0.9861,0.7647,2026-03-12,75.0,11,330,A12,55.2961,HIGH,HIGH,2026-03-12T11:30:27+00:00,65,29,1
0.98607363376305,0.764705882352941,2026-03-12,75.0,11,30,A12,55.2961333333334,HIGH,HIGH,2026-03-12T11:30:27+00:00,65,29,1
0.98607363376305,0.764705882352941,2026-03-12,75.0,11,87,A12,55.2961333333334,HIGH,HIGH,2026-03-12T11:30:27+00:00,65,29,1
0.985877475201546,0.752941176470588,2026-03-12,78.27,11,86,A12,55.2851333333334,HIGH,HIGH,2026-03-12T11:28:40+00:00,64,30,1
0.9859,0.7529,2026-03-12,78.27,11,425,A12,55.2851,HIGH,HIGH,2026-03-12T11:28:40+00:00,64,30,1
0.9859,0.7529,2026-03-12,78.27,11,331,A12,55.2851,HIGH,HIGH,2026-03-12T11:28:40+00:00,64,30,1
0.9859,0.7529,2026-03-12,78.27,11,525,A12,55.2851,HIGH,HIGH,2026-03-12T11:28:40+00:00,64,30,1
0.985877475201546,0.752941176470588,2026-03-12,78.27,11,29,A12,55.2851333333334,HIGH,HIGH,2026-03-12T11:28:40+00:00,64,30,1
0.985877475201546,0.752941176470588,2026-03-12,78.27,11,143,A12,55.2851333333334,HIGH,HIGH,2026-03-12T11:28:40+00:00,64,30,1
0.9859,0.7529,2026-03-12,78.27,11,226,A12,55.2851,HIGH,HIGH,2026-03-12T11:28:40+00:00,64,30,1
0.985877475201546,0.752941176470588,2026-03-12,78.27,11,85,A12,55.2851333333334,HIGH,HIGH,2026-03-12T11:28:38+00:00,64,30,1
0.985877475201546,0.752941176470588,2026-03-12,78.27,11,142,A12,55.2851333333334,HIGH,HIGH,2026-03-12T11:28:38+00:00,64,30,1
0.9859,0.7529,2026-03-12,78.27,11,227,A12,55.2851,HIGH,HIGH,2026-03-12T11:28:38+00:00,64,30,1
0.985877475201546,0.752941176470588,2026-03-12,78.27,11,28,A12,55.2851333333334,HIGH,HIGH,2026-03-12T11:28:38+00:00,64,30,1
0.9859,0.7529,2026-03-12,78.27,11,526,A12,55.2851,HIGH,HIGH,2026-03-12T11:28:38+00:00,64,30,1
0.9859,0.7529,2026-03-12,78.27,11,426,A12,55.2851,HIGH,HIGH,2026-03-12T11:28:38+00:00,64,30,1
0.9859,0.7529,2026-03-12,78.27,11,332,A12,55.2851,HIGH,HIGH,2026-03-12T11:28:38+00:00,64,30,1
0.985877475201546,0.752941176470588,2026-03-12,78.27,2,84,A12,55.2851333333334,HIGH,HIGH,2026-03-12T02:09:12+00:00,64,30,1
0.985877475201546,0.752941176470588,2026-03-12,78.27,2,27,A12,55.2851333333334,HIGH,HIGH,2026-03-12T02:09:12+00:00,64,30,1
0.9859,0.7529,2026-03-12,78.27,2,527,A12,55.2851,HIGH,HIGH,2026-03-12T02:09:12+00:00,64,30,1
0.985877475201546,0.752941176470588,2026-03-12,78.27,2,141,A12,55.2851333333334,HIGH,HIGH,2026-03-12T02:09:12+00:00,64,30,1
0.9859,0.7529,2026-03-12,78.27,2,333,A12,55.2851,HIGH,HIGH,2026-03-12T02:09:12+00:00,64,30,1
0.9859,0.7529,2026-03-12,78.27,2,228,A12,55.2851,HIGH,HIGH,2026-03-12T02:09:12+00:00,64,30,1
0.9859,0.7529,2026-03-12,78.27,2,427,A12,55.2851,HIGH,HIGH,2026-03-12T02:09:12+00:00,64,30,1
0.985877475201546,0.752941176470588,2026-03-12,78.27,2,26,A12,55.2851333333334,HIGH,HIGH,2026-03-12T02:09:11+00:00,64,30,1
0.9859,0.7529,2026-03-12,78.27,2,428,A12,55.2851,HIGH,HIGH,2026-03-12T02:09:11+00:00,64,30,1
0.985877475201546,0.752941176470588,2026-03-12,78.27,2,140,A12,55.2851333333334,HIGH,HIGH,2026-03-12T02:09:11+00:00,64,30,1
0.9859,0.7529,2026-03-12,78.27,2,528,A12,55.2851,HIGH,HIGH,2026-03-12T02:09:11+00:00,64,30,1
0.985877475201546,0.752941176470588,2026-03-12,78.27,2,83,A12,55.2851333333334,HIGH,HIGH,2026-03-12T02:09:11+00:00,64,30,1
0.9859,0.7529,2026-03-12,78.27,2,334,A12,55.2851,HIGH,HIGH,2026-03-12T02:09:11+00:00,64,30,1
0.9859,0.7529,2026-03-12,78.27,2,229,A12,55.2851,HIGH,HIGH,2026-03-12T02:09:11+00:00,64,30,1
0.9656,0.1765,2026-03-12,261.0,2,529,A12,54.1469,LOW,LOW,2026-03-12T02:08:20+00:00,15,63,1
0.9656,0.1765,2026-03-12,261.0,2,429,A12,54.1469,LOW,LOW,2026-03-12T02:08:20+00:00,15,63,1
0.965579225025077,0.176470588235294,2026-03-12,261.0,2,25,A12,54.1468666666667,LOW,LOW,2026-03-12T02:08:20+00:00,15,63,1
0.965579225025077,0.176470588235294,2026-03-12,261.0,2,139,A12,54.1468666666667,LOW,LOW,2026-03-12T02:08:20+00:00,15,63,1
0.9656,0.1765,2026-03-12,261.0,2,230,A12,54.1469,LOW,LOW,2026-03-12T02:08:20+00:00,15,63,1
0.965579225025077,0.176470588235294,2026-03-12,261.0,2,82,A12,54.1468666666667,LOW,LOW,2026-03-12T02:08:20+00:00,15,63,1
0.9656,0.1765,2026-03-12,261.0,2,335,A12,54.1469,LOW,LOW,2026-03-12T02:08:20+00:00,15,63,1
0.965579225025077,0.176470588235294,2026-03-12,261.0,2,138,A12,54.1468666666667,LOW,LOW,2026-03-12T02:08:19+00:00,15,63,1
0.9656,0.1765,2026-03-12,261.0,2,530,A12,54.1469,LOW,LOW,2026-03-12T02:08:19+00:00,15,63,1
0.9656,0.1765,2026-03-12,261.0,2,336,A12,54.1469,LOW,LOW,2026-03-12T02:08:19+00:00,15,63,1
0.965579225025077,0.176470588235294,2026-03-12,261.0,2,81,A12,54.1468666666667,LOW,LOW,2026-03-12T02:08:19+00:00,15,63,1
0.9656,0.1765,2026-03-12,261.0,2,430,A12,54.1469,LOW,LOW,2026-03-12T02:08:19+00:00,15,63,1
0.965579225025077,0.176470588235294,2026-03-12,261.0,2,24,A12,54.1468666666667,LOW,LOW,2026-03-12T02:08:19+00:00,15,63,1
0.9656,0.1765,2026-03-12,261.0,2,231,A12,54.1469,LOW,LOW,2026-03-12T02:08:19+00:00,15,63,1
0.906270386744437,0.458823529411765,2026-03-12,173.98,2,80,A12,50.821,LOW,LOW,2026-03-12T02:07:28+00:00,39,47,1
0.906270386744437,0.458823529411765,2026-03-12,173.98,2,23,A12,50.821,LOW,LOW,2026-03-12T02:07:28+00:00,39,47,1
0.9063,0.4588,2026-03-12,173.98,2,337,A12,50.821,LOW,LOW,2026-03-12T02:07:28+00:00,39,47,1
0.9063,0.4588,2026-03-12,173.98,2,431,A12,50.821,LOW,LOW,2026-03-12T02:07:28+00:00,39,47,1
0.906270386744437,0.458823529411765,2026-03-12,173.98,2,137,A12,50.821,LOW,LOW,2026-03-12T02:07:28+00:00,39,47,1
0.9063,0.4588,2026-03-12,173.98,2,232,A12,50.821,LOW,LOW,2026-03-12T02:07:28+00:00,39,47,1
0.9063,0.4588,2026-03-12,173.98,2,531,A12,50.821,LOW,LOW,2026-03-12T02:07:28+00:00,39,47,1
0.906270386744437,0.458823529411765,2026-03-12,173.98,2,136,A12,50.821,LOW,LOW,2026-03-12T02:07:27+00:00,39,47,1
0.9063,0.4588,2026-03-12,173.98,2,233,A12,50.821,LOW,LOW,2026-03-12T02:07:27+00:00,39,47,1
0.9063,0.4588,2026-03-12,173.98,2,532,A12,50.821,LOW,LOW,2026-03-12T02:07:27+00:00,39,47,1
0.9063,0.4588,2026-03-12,173.98,2,338,A12,50.821,LOW,LOW,2026-03-12T02:07:27+00:00,39,47,1
0.906270386744437,0.458823529411765,2026-03-12,173.98,2,79,A12,50.821,LOW,LOW,2026-03-12T02:07:27+00:00,39,47,1
0.9063,0.4588,2026-03-12,173.98,2,432,A12,50.821,LOW,LOW,2026-03-12T02:07:27+00:00,39,47,1
0.906270386744437,0.458823529411765,2026-03-12,173.98,2,22,A12,50.821,LOW,LOW,2026-03-12T02:07:27+00:00,39,47,1
0.986849946130698,0.788235294117647,2026-03-12,68.93,2,135,A12,55.3396666666667,HIGH,HIGH,2026-03-12T02:05:48+00:00,67,28,1
0.986849946130698,0.788235294117647,2026-03-12,68.93,2,21,A12,55.3396666666667,HIGH,HIGH,2026-03-12T02:05:48+00:00,67,28,1
0.9868,0.7882,2026-03-12,68.93,2,339,A12,55.3397,HIGH,HIGH,2026-03-12T02:05:48+00:00,67,28,1
0.9868,0.7882,2026-03-12,68.93,2,234,A12,55.3397,HIGH,HIGH,2026-03-12T02:05:48+00:00,67,28,1
0.986849946130698,0.788235294117647,2026-03-12,68.93,2,78,A12,55.3396666666667,HIGH,HIGH,2026-03-12T02:05:48+00:00,67,28,1
0.9868,0.7882,2026-03-12,68.93,2,533,A12,55.3397,HIGH,HIGH,2026-03-12T02:05:48+00:00,67,28,1
0.9868,0.7882,2026-03-12,68.93,2,433,A12,55.3397,HIGH,HIGH,2026-03-12T02:05:48+00:00,67,28,1
0.9868,0.7882,2026-03-12,68.93,2,340,A12,55.3397,HIGH,HIGH,2026-03-12T02:05:47+00:00,67,28,1
0.986849946130698,0.788235294117647,2026-03-12,68.93,2,20,A12,55.3396666666667,HIGH,HIGH,2026-03-12T02:05:47+00:00,67,28,1
0.9868,0.7882,2026-03-12,68.93,2,434,A12,55.3397,HIGH,HIGH,2026-03-12T02:05:47+00:00,67,28,1
0.9868,0.7882,2026-03-12,68.93,2,235,A12,55.3397,HIGH,HIGH,2026-03-12T02:05:47+00:00,67,28,1
0.986849946130698,0.788235294117647,2026-03-12,68.93,2,77,A12,55.3396666666667,HIGH,HIGH,2026-03-12T02:05:47+00:00,67,28,1
0.9868,0.7882,2026-03-12,68.93,2,534,A12,55.3397,HIGH,HIGH,2026-03-12T02:05:47+00:00,67,28,1
0.986849946130698,0.788235294117647,2026-03-12,68.93,2,134,A12,55.3396666666667,HIGH,HIGH,2026-03-12T02:05:47+00:00,67,28,1
0.9865,0.8824,2026-03-12,35.97,2,341,A12,55.3217,HIGH,HIGH,2026-03-12T02:04:56+00:00,75,22,1
0.986528959393692,0.882352941176471,2026-03-12,35.97,2,18,A12,55.3216666666667,HIGH,HIGH,2026-03-12T02:04:56+00:00,75,22,1
0.986528959393692,0.882352941176471,2026-03-12,35.97,2,76,A12,55.3216666666667,HIGH,HIGH,2026-03-12T02:04:56+00:00,75,22,1
0.986528959393692,0.882352941176471,2026-03-12,35.97,2,19,A12,55.3216666666667,HIGH,HIGH,2026-03-12T02:04:56+00:00,75,22,1
0.9865,0.8824,2026-03-12,35.97,2,435,A12,55.3217,HIGH,HIGH,2026-03-12T02:04:56+00:00,75,22,1
0.986528959393692,0.882352941176471,2026-03-12,35.97,2,132,A12,55.3216666666667,HIGH,HIGH,2026-03-12T02:04:56+00:00,75,22,1
0.986528959393692,0.882352941176471,2026-03-12,35.97,2,133,A12,55.3216666666667,HIGH,HIGH,2026-03-12T02:04:56+00:00,75,22,1
0.986528959393692,0.882352941176471,2026-03-12,35.97,2,75,A12,55.3216666666667,HIGH,HIGH,2026-03-12T02:04:56+00:00,75,22,1
0.9865,0.8824,2026-03-12,35.97,2,342,A12,55.3217,HIGH,HIGH,2026-03-12T02:04:56+00:00,75,22,1
0.9865,0.8824,2026-03-12,35.97,2,236,A12,55.3217,HIGH,HIGH,2026-03-12T02:04:56+00:00,75,22,1
0.9865,0.8824,2026-03-12,35.97,2,237,A12,55.3217,HIGH,HIGH,2026-03-12T02:04:56+00:00,75,22,1
0.9865,0.8824,2026-03-12,35.97,2,536,A12,55.3217,HIGH,HIGH,2026-03-12T02:04:56+00:00,75,22,1
0.9865,0.8824,2026-03-12,35.97,2,436,A12,55.3217,HIGH,HIGH,2026-03-12T02:04:56+00:00,75,22,1
0.9865,0.8824,2026-03-12,35.97,2,535,A12,55.3217,HIGH,HIGH,2026-03-12T02:04:56+00:00,75,22,1
0.9859,0.7529,2026-03-12,78.01,2,537,A12,55.2851,HIGH,HIGH,2026-03-12T02:04:05+00:00,64,30,1
0.985877475201546,0.752941176470588,2026-03-12,78.01,2,74,A12,55.2851333333334,HIGH,HIGH,2026-03-12T02:04:05+00:00,64,30,1
0.9859,0.7529,2026-03-12,78.01,2,343,A12,55.2851,HIGH,HIGH,2026-03-12T02:04:05+00:00,64,30,1
0.9859,0.7529,2026-03-12,78.01,2,238,A12,55.2851,HIGH,HIGH,2026-03-12T02:04:05+00:00,64,30,1
0.9859,0.7529,2026-03-12,78.01,2,437,A12,55.2851,HIGH,HIGH,2026-03-12T02:04:05+00:00,64,30,1
0.985877475201546,0.752941176470588,2026-03-12,78.01,2,17,A12,55.2851333333334,HIGH,HIGH,2026-03-12T02:04:05+00:00,64,30,1
0.985877475201546,0.752941176470588,2026-03-12,78.01,2,131,A12,55.2851333333334,HIGH,HIGH,2026-03-12T02:04:05+00:00,64,30,1
0.985877475201546,0.752941176470588,2026-03-12,78.01,2,16,A12,55.2851333333334,HIGH,HIGH,2026-03-12T02:04:04+00:00,64,30,1
0.9859,0.7529,2026-03-12,78.01,2,438,A12,55.2851,HIGH,HIGH,2026-03-12T02:04:04+00:00,64,30,1
0.985877475201546,0.752941176470588,2026-03-12,78.01,2,130,A12,55.2851333333334,HIGH,HIGH,2026-03-12T02:04:04+00:00,64,30,1
0.985877475201546,0.752941176470588,2026-03-12,78.01,2,73,A12,55.2851333333334,HIGH,HIGH,2026-03-12T02:04:04+00:00,64,30,1
0.9859,0.7529,2026-03-12,78.01,2,538,A12,55.2851,HIGH,HIGH,2026-03-12T02:04:04+00:00,64,30,1
0.9859,0.7529,2026-03-12,78.01,2,239,A12,55.2851,HIGH,HIGH,2026-03-12T02:04:04+00:00,64,30,1
0.9859,0.7529,2026-03-12,78.01,2,344,A12,55.2851,HIGH,HIGH,2026-03-12T02:04:04+00:00,64,30,1
1.0,0.588235294117647,2026-03-12,129.18,0,129,A12,56.0770833333333,MEDIUM,MEDIUM,2026-03-12T00:12:01+00:00,50,39,1
1.0,0.5882,2026-03-12,129.18,0,345,A12,56.0771,MEDIUM,MEDIUM,2026-03-12T00:12:01+00:00,50,39,1
1.0,0.588235294117647,2026-03-12,129.18,0,15,A12,56.0770833333333,MEDIUM,MEDIUM,2026-03-12T00:12:01+00:00,50,39,1
1.0,0.5882,2026-03-12,129.18,0,240,A12,56.0771,MEDIUM,MEDIUM,2026-03-12T00:12:01+00:00,50,39,1
1.0,0.5882,2026-03-12,129.18,0,439,A12,56.0771,MEDIUM,MEDIUM,2026-03-12T00:12:01+00:00,50,39,1
1.0,0.588235294117647,2026-03-12,129.18,0,72,A12,56.0770833333333,MEDIUM,MEDIUM,2026-03-12T00:12:01+00:00,50,39,1
1.0,0.5882,2026-03-12,129.18,0,539,A12,56.0771,MEDIUM,MEDIUM,2026-03-12T00:12:01+00:00,50,39,1
1.0,0.5882,2026-03-12,129.18,0,346,A12,56.0771,MEDIUM,MEDIUM,2026-03-12T00:12:00+00:00,50,39,1
1.0,0.588235294117647,2026-03-12,129.18,0,71,A12,56.0770833333333,MEDIUM,MEDIUM,2026-03-12T00:12:00+00:00,50,39,1
1.0,0.5882,2026-03-12,129.18,0,241,A12,56.0771,MEDIUM,MEDIUM,2026-03-12T00:12:00+00:00,50,39,1
1.0,0.5882,2026-03-12,129.18,0,440,A12,56.0771,MEDIUM,MEDIUM,2026-03-12T00:12:00+00:00,50,39,1
1.0,0.588235294117647,2026-03-12,129.18,0,128,A12,56.0770833333333,MEDIUM,MEDIUM,2026-03-12T00:12:00+00:00,50,39,1
1.0,0.588235294117647,2026-03-12,129.18,0,14,A12,56.0770833333333,MEDIUM,MEDIUM,2026-03-12T00:12:00+00:00,50,39,1
1.0,0.5882,2026-03-12,129.18,0,540,A12,56.0771,MEDIUM,MEDIUM,2026-03-12T00:12:00+00:00,50,39,1
0.9865,0.8824,2026-03-12,35.94,0,347,A12,55.3217,HIGH,HIGH,2026-03-12T00:11:45+00:00,75,22,1
0.986528959393692,0.882352941176471,2026-03-12,35.94,0,127,A12,55.3216666666667,HIGH,HIGH,2026-03-12T00:11:45+00:00,75,22,1
0.9865,0.8824,2026-03-12,35.94,0,441,A12,55.3217,HIGH,HIGH,2026-03-12T00:11:45+00:00,75,22,1
0.986528959393692,0.882352941176471,2026-03-12,35.94,0,70,A12,55.3216666666667,HIGH,HIGH,2026-03-12T00:11:45+00:00,75,22,1
0.986528959393692,0.882352941176471,2026-03-12,35.94,0,13,A12,55.3216666666667,HIGH,HIGH,2026-03-12T00:11:45+00:00,75,22,1
0.9865,0.8824,2026-03-12,35.94,0,541,A12,55.3217,HIGH,HIGH,2026-03-12T00:11:45+00:00,75,22,1
0.9865,0.8824,2026-03-12,35.94,0,242,A12,55.3217,HIGH,HIGH,2026-03-12T00:11:45+00:00,75,22,1
0.986528959393692,0.882352941176471,2026-03-12,35.94,0,126,A12,55.3216666666667,HIGH,HIGH,2026-03-12T00:11:44+00:00,75,22,1
0.9865,0.8824,2026-03-12,35.94,0,542,A12,55.3217,HIGH,HIGH,2026-03-12T00:11:44+00:00,75,22,1
0.986528959393692,0.882352941176471,2026-03-12,35.94,0,12,A12,55.3216666666667,HIGH,HIGH,2026-03-12T00:11:44+00:00,75,22,1
0.986528959393692,0.882352941176471,2026-03-12,35.94,0,69,A12,55.3216666666667,HIGH,HIGH,2026-03-12T00:11:44+00:00,75,22,1
0.9865,0.8824,2026-03-12,35.94,0,243,A12,55.3217,HIGH,HIGH,2026-03-12T00:11:44+00:00,75,22,1
0.9865,0.8824,2026-03-12,35.94,0,348,A12,55.3217,HIGH,HIGH,2026-03-12T00:11:44+00:00,75,22,1
0.9865,0.8824,2026-03-12,35.94,0,442,A12,55.3217,HIGH,HIGH,2026-03-12T00:11:44+00:00,75,22,1
0.9285,0.5529,2026-03-12,142.97,0,443,A12,52.0688,MEDIUM,MEDIUM,2026-03-12T00:11:29+00:00,47,41,1
0.92852249507746,0.552941176470588,2026-03-12,142.97,0,11,A12,52.0688333333333,MEDIUM,MEDIUM,2026-03-12T00:11:29+00:00,47,41,1
0.9285,0.5529,2026-03-12,142.97,0,349,A12,52.0688,MEDIUM,MEDIUM,2026-03-12T00:11:29+00:00,47,41,1
0.92852249507746,0.552941176470588,2026-03-12,142.97,0,125,A12,52.0688333333333,MEDIUM,MEDIUM,2026-03-12T00:11:29+00:00,47,41,1
0.9285,0.5529,2026-03-12,142.97,0,244,A12,52.0688,MEDIUM,MEDIUM,2026-03-12T00:11:29+00:00,47,41,1
0.92852249507746,0.552941176470588,2026-03-12,142.97,0,68,A12,52.0688333333333,MEDIUM,MEDIUM,2026-03-12T00:11:29+00:00,47,41,1
0.9285,0.5529,2026-03-12,142.97,0,543,A12,52.0688,MEDIUM,MEDIUM,2026-03-12T00:11:29+00:00,47,41,1
0.92852249507746,0.552941176470588,2026-03-12,142.97,0,67,A12,52.0688333333333,MEDIUM,MEDIUM,2026-03-12T00:11:28+00:00,47,41,1
0.9285,0.5529,2026-03-12,142.97,0,444,A12,52.0688,MEDIUM,MEDIUM,2026-03-12T00:11:28+00:00,47,41,1
0.9285,0.5529,2026-03-12,142.97,0,245,A12,52.0688,MEDIUM,MEDIUM,2026-03-12T00:11:28+00:00,47,41,1
0.9285,0.5529,2026-03-12,142.97,0,544,A12,52.0688,MEDIUM,MEDIUM,2026-03-12T00:11:28+00:00,47,41,1
0.92852249507746,0.552941176470588,2026-03-12,142.97,0,10,A12,52.0688333333333,MEDIUM,MEDIUM,2026-03-12T00:11:28+00:00,47,41,1
0.9285,0.5529,2026-03-12,142.97,0,350,A12,52.0688,MEDIUM,MEDIUM,2026-03-12T00:11:28+00:00,47,41,1
0.92852249507746,0.552941176470588,2026-03-12,142.97,0,124,A12,52.0688333333333,MEDIUM,MEDIUM,2026-03-12T00:11:28+00:00,47,41,1
0.906270386744437,0.458823529411765,2026-03-12,173.98,0,123,A12,50.821,LOW,LOW,2026-03-12T00:11:05+00:00,39,47,1
0.9063,0.4588,2026-03-12,173.98,0,246,A12,50.821,LOW,LOW,2026-03-12T00:11:05+00:00,39,47,1
0.906270386744437,0.458823529411765,2026-03-12,173.98,0,66,A12,50.821,LOW,LOW,2026-03-12T00:11:05+00:00,39,47,1
0.9063,0.4588,2026-03-12,173.98,0,351,A12,50.821,LOW,LOW,2026-03-12T00:11:05+00:00,39,47,1
0.9063,0.4588,2026-03-12,173.98,0,445,A12,50.821,LOW,LOW,2026-03-12T00:11:05+00:00,39,47,1
0.9063,0.4588,2026-03-12,173.98,0,545,A12,50.821,LOW,LOW,2026-03-12T00:11:05+00:00,39,47,1
